{"$schema":"https://go.kicad.org/pcm/schemas/v1","name":"KiCadMaxColors","description":"Dark theme for Schematic, PCB and Footprint Editor.","description_full":"KiCadMaxColors theme for KiCad. Unified dark palette (background #1e1e1e) for schematic/symbol editor (eeschema), PCB editor (pcbnew) and footprint editor (fpedit) with consistent colors across all editors.","identifier":"com.github.kicadmaxcolors.kicadmaxcolors-theme","type":"colortheme","author":{"name":"KiCadMaxColors","contact":{"web":"https://github.com"}},"maintainer":{"name":"KiCadMaxColors","contact":{"web":"https://github.com"}},"license":"CC0-1.0","resources":{"homepage":"https://github.com"},"versions":[{"version":"1.0","status":"stable","kicad_version":"6.0"}]}
