{
  "meta": {
    "filename": "KiCadMaxColors",
    "name": "KiCadMaxColors",
    "version": 0
  },
  "schematic": {
    "background": "rgb(0, 0, 0)",
    "brightened": "rgb(255, 255, 255)",
    "bus": "rgb(173, 216, 230)",
    "component_body": "rgb(0, 180, 80)",
    "component_outline": "rgb(0, 180, 80)",
    "erc_error": "rgb(255, 80, 80)",
    "erc_warning": "rgb(255, 200, 80)",
    "fields": "rgb(255, 255, 255)",
    "grid": "rgb(255, 255, 255)",
    "junction": "rgb(173, 216, 230)",
    "label_global": "rgb(173, 216, 230)",
    "label_hier": "rgb(255, 0, 0)",
    "label_local": "rgb(173, 216, 230)",
    "net_name": "rgb(173, 216, 230)",
    "no_connect": "rgb(255, 100, 100)",
    "note": "rgb(0, 180, 80)",
    "pin": "rgb(255, 0, 0)",
    "pin_name": "rgb(255, 0, 0)",
    "pin_number": "rgb(255, 0, 0)",
    "reference": "rgb(255, 255, 255)",
    "sheet": "rgb(0, 180, 80)",
    "sheet_filename": "rgb(0, 180, 80)",
    "sheet_label": "rgb(0, 180, 80)",
    "sheet_name": "rgb(0, 180, 80)",
    "value": "rgb(255, 255, 255)",
    "wire": "rgb(173, 216, 230)"
  },
  "board": {
    "anchor": "rgb(30, 30, 30)",
    "aux_items": "rgb(180, 180, 180)",
    "b_adhes": "rgb(30, 30, 30)",
    "b_crtyd": "rgb(100, 100, 100)",
    "b_fab": "rgb(120, 120, 120)",
    "b_mask": "rgba(0, 0, 180, 0.500)",
    "b_paste": "rgb(80, 80, 80)",
    "b_silks": "rgb(150, 150, 150)",
    "background": "rgb(0, 0, 0)",
    "cmts_user": "rgb(95, 158, 160)",
    "copper": {
      "b": "rgba(0, 0, 180, 0.850)",
      "f": "rgba(180, 0, 0, 0.850)",
      "in1": "rgba(0, 140, 0, 0.700)",
      "in2": "rgba(180, 0, 0, 0.700)",
      "in3": "rgba(255, 220, 0, 0.700)",
      "in4": "rgb(80, 180, 180)",
      "in5": "rgb(80, 180, 80)",
      "in6": "rgb(80, 80, 180)",
      "in7": "rgb(140, 140, 140)",
      "in8": "rgb(100, 100, 180)",
      "in9": "rgb(180, 180, 180)",
      "in10": "rgb(100, 100, 180)",
      "in11": "rgb(180, 100, 100)",
      "in12": "rgb(180, 180, 100)",
      "in13": "rgb(180, 180, 180)",
      "in14": "rgb(80, 80, 180)",
      "in15": "rgb(80, 180, 80)",
      "in16": "rgb(180, 80, 80)",
      "in17": "rgb(180, 180, 80)",
      "in18": "rgb(180, 80, 180)",
      "in19": "rgb(180, 80, 80)",
      "in20": "rgb(80, 180, 180)",
      "in21": "rgb(80, 180, 80)",
      "in22": "rgb(80, 80, 180)",
      "in23": "rgb(140, 140, 140)",
      "in24": "rgb(100, 100, 180)",
      "in25": "rgb(180, 180, 180)",
      "in26": "rgb(100, 100, 180)",
      "in27": "rgb(180, 100, 100)",
      "in28": "rgb(180, 180, 100)",
      "in29": "rgb(180, 180, 180)",
      "in30": "rgb(80, 80, 180)"
    },
    "cursor": "rgb(255, 255, 255)",
    "dwgs_user": "rgb(140, 140, 140)",
    "eco1_user": "rgb(95, 158, 160)",
    "eco2_user": "rgb(255, 150, 80)",
    "edge_cuts": "rgb(200, 180, 100)",
    "f_adhes": "rgb(100, 100, 180)",
    "f_crtyd": "rgb(100, 100, 100)",
    "f_fab": "rgb(120, 120, 120)",
    "f_mask": "rgba(180, 0, 0, 0.500)",
    "f_paste": "rgb(120, 120, 120)",
    "f_silks": "rgb(150, 150, 150)",
    "footprint_text_back": "rgb(0, 0, 180)",
    "footprint_text_front": "rgb(220, 220, 220)",
    "footprint_text_invisible": "rgb(100, 100, 100)",
    "grid": "rgb(255, 255, 255)",
    "no_connect": "rgb(30, 30, 30)",
    "pad_back": "rgba(0, 0, 180, 0.800)",
    "pad_front": "rgba(180, 0, 0, 0.800)",
    "plated_hole": "rgb(255, 220, 0)",
    "ratsnest": "rgb(95, 158, 160)",
    "via_blind_buried": "rgb(255, 220, 0)",
    "via_micro": "rgb(0, 140, 140)",
    "via_through": "rgb(180, 180, 180)",
    "worksheet": "rgb(80, 60, 60)"
  },
  "fpedit": {
    "anchor": "rgb(30, 30, 30)",
    "aux_items": "rgb(180, 180, 180)",
    "b_adhes": "rgb(30, 30, 30)",
    "b_crtyd": "rgb(100, 100, 100)",
    "b_fab": "rgb(120, 120, 120)",
    "b_mask": "rgba(0, 0, 180, 0.500)",
    "b_paste": "rgb(80, 80, 80)",
    "b_silks": "rgb(150, 150, 150)",
    "background": "rgb(0, 0, 0)",
    "cmts_user": "rgb(95, 158, 160)",
    "copper": {
      "b": "rgba(0, 0, 180, 0.850)",
      "f": "rgba(180, 0, 0, 0.850)",
      "in1": "rgba(0, 140, 0, 0.700)",
      "in2": "rgba(180, 0, 0, 0.700)",
      "in3": "rgba(255, 220, 0, 0.700)",
      "in4": "rgb(80, 180, 180)",
      "in5": "rgb(80, 180, 80)",
      "in6": "rgb(80, 80, 180)",
      "in7": "rgb(140, 140, 140)",
      "in8": "rgb(100, 100, 180)",
      "in9": "rgb(180, 180, 180)",
      "in10": "rgb(100, 100, 180)",
      "in11": "rgb(180, 100, 100)",
      "in12": "rgb(180, 180, 100)",
      "in13": "rgb(180, 180, 180)",
      "in14": "rgb(80, 80, 180)",
      "in15": "rgb(80, 180, 80)",
      "in16": "rgb(180, 80, 80)",
      "in17": "rgb(180, 180, 80)",
      "in18": "rgb(180, 80, 180)",
      "in19": "rgb(180, 80, 80)",
      "in20": "rgb(80, 180, 180)",
      "in21": "rgb(80, 180, 80)",
      "in22": "rgb(80, 80, 180)",
      "in23": "rgb(140, 140, 140)",
      "in24": "rgb(100, 100, 180)",
      "in25": "rgb(180, 180, 180)",
      "in26": "rgb(100, 100, 180)",
      "in27": "rgb(180, 100, 100)",
      "in28": "rgb(180, 180, 100)",
      "in29": "rgb(180, 180, 180)",
      "in30": "rgb(80, 80, 180)"
    },
    "cursor": "rgb(255, 255, 255)",
    "dwgs_user": "rgb(140, 140, 140)",
    "eco1_user": "rgb(95, 158, 160)",
    "eco2_user": "rgb(255, 150, 80)",
    "edge_cuts": "rgb(200, 180, 100)",
    "f_adhes": "rgb(100, 100, 180)",
    "f_crtyd": "rgb(100, 100, 100)",
    "f_fab": "rgb(120, 120, 120)",
    "f_mask": "rgba(180, 0, 0, 0.500)",
    "f_paste": "rgb(120, 120, 120)",
    "f_silks": "rgb(150, 150, 150)",
    "footprint_text_back": "rgb(0, 0, 180)",
    "footprint_text_front": "rgb(220, 220, 220)",
    "footprint_text_invisible": "rgb(100, 100, 100)",
    "grid": "rgb(255, 255, 255)",
    "pad_back": "rgba(0, 0, 180, 0.800)",
    "pad_front": "rgba(180, 0, 0, 0.800)",
    "pad_through_hole": "rgba(255, 220, 0, 0.700)",
    "plated_hole": "rgb(255, 220, 0)",
    "worksheet": "rgb(80, 60, 60)"
  }
}
